1,4535901556717010, 06/2025, 560
2,4535908025385154, 02/2028, 065
3,4535900738166641, 04/2026, 276
4,4535901517804741, 07/2028, 181
5,4535901242868060, 09/2027, 512
6,4535901418308131, 05/2027, 114
7,4535904320117327, 11/2028, 666
8,4535906150267015, 05/2025, 781
9,4535906227777335, 12/2028, 151
10,4535908044047546, 03/2027, 307
11,4535902354073218, 02/2027, 056
12,4535908652501842, 10/2027, 336
13,4535907868381353, 07/2027, 320
14,4535903017864837, 05/2026, 463
15,4535907035121237, 08/2025, 150
16,4535903158316332, 11/2028, 625
17,4535908707207718, 10/2026, 656
18,4535907633560315, 05/2026, 753
19,4535903871745031, 12/2026, 460
20,4535908056233703, 06/2025, 403